<?xml version="1.0" encoding="UTF-8"?>
<beans:beans xmlns="http://www.springframework.org/schema/mvc"
	xmlns:xsi="http://www.w3.org/2001/XMLSchema-instance" xmlns:beans="http://www.springframework.org/schema/beans"
	xmlns:mvc="http://www.springframework.org/schema/mvc" xmlns:context="http://www.springframework.org/schema/context"
	xmlns:tx="http://www.springframework.org/schema/tx"
	xsi:schemaLocation="http://www.springframework.org/schema/mvc http://www.springframework.org/schema/mvc/spring-mvc.xsd http://www.springframework.org/schema/beans http://www.springframework.org/schema/beans/spring-beans.xsd
		http://www.springframework.org/schema/context http://www.springframework.org/schema/context/spring-context.xsd 
		http://www.springframework.org/schema/tx/
		http://www.springframework.org/schema/tx/spring-tx-4.0.xsd">

	<!-- DispatcherServlet Context: defines this servlet's request-processing 
		infrastructure -->

	<!-- Enables the Spring MVC @Controller programming model -->
	<mvc:annotation-driven />
	<context:annotation-config />

	<context:component-scan base-package="com.uncc.internship" />
	<!-- Getting Database properties -->
	<context:property-placeholder location="classpath:application.properties" />

	<!-- Handles HTTP GET requests for /resources/** by efficiently serving 
		up static resources in the ${webappRoot}/resources directory -->
	<resources mapping="/resources/**" location="/resources/" />

	<!-- Resolves views selected for rendering by @Controllers to .jsp resources 
		in the /WEB-INF/views directory -->
	<beans:bean
		class="org.springframework.web.servlet.view.InternalResourceViewResolver">
		<beans:property name="prefix" value="/WEB-INF/views/" />
		<beans:property name="suffix" value=".jsp" />
	</beans:bean>
	<mvc:resources mapping="/resources/**" location="/resources/" cache-period="31556926"/>
	<beans:bean id="handlerMapping"
		class="org.springframework.web.servlet.handler.BeanNameUrlHandlerMapping" />



	<!-- declare datasource bean -->
	<beans:bean
		class="org.springframework.jdbc.datasource.DriverManagerDataSource"
		id="dataSource">
		<beans:property name="driverClassName" value="${database.driver}"></beans:property>
		<beans:property name="url" value="${database.url}"></beans:property>
		<beans:property name="username" value="${database.user}"></beans:property>
		<beans:property name="password" value="${database.password}"></beans:property>
	</beans:bean>
	<beans:bean id="jdbcTemplate" class="org.springframework.jdbc.core.JdbcTemplate">
		<beans:property name="dataSource" ref="dataSource" />
	</beans:bean>

</beans:beans>  